{"nwrmsle": 3.5021406656604652, "r2_score": -142.12104311063715}